Cereal,Foong Rong Trading Pte Ltd,3-Elephants Thai Organic Mixed Brown Rice,3-Elephants,2kg
Cereal,Foong Rong Trading Pte Ltd,3-Elephants Thai Organic Red Brown Rice,3-Elephants,1kg
Cereal,Foong Rong Trading Pte Ltd,3-Elephants Thai Organic Red Brown Rice,3-Elephants,2kg
Cereal,4Care company limited,4CARE BALANCE Cereal Drink Less Sugar,4Care Balance,180ml
Cereal,4Care company limited,4CARE BALANCE Cereal Drink Original,4Care Balance,180ml
Cereal,Seven Stars Bird's Nest,7 Organic Grains (Seven Stars Bird's Nest),Seven Stars Bird's Nest,500g
Cereal,Ace Trading & Management Services Pte Ltd,AceNuwara Red Basmati Rice,AceNuwara,907g
Cereal,Hi En LLP,Ally Excellent Amino Grains,Ally,30g x 6 sachets
Cereal,Health Domain Pte Ltd,Auspro Dr Oatcare,Auspro,25g x 30 sachets
Cereal,Health Domain Pte Ltd,Auspro Dr Oatcare,Auspro,850g
Cereal,Best- One Foods (S) Pte Ltd,Best One Burger Bun,Best One,300g
Cereal,Best- One Foods (S) Pte Ltd,Best One Hot Dog Roll,Best One,300g
Cereal,Best- One Foods (S) Pte Ltd,Best One Wholemeal Blueberry Cream Roll,Best One,60g
Cereal,Best- One Foods (S) Pte Ltd,Best One Wholemeal Butter Sugar Cream Roll,Best One,60g
Cereal,Best- One Foods (S) Pte Ltd,Best One Wholemeal Chocolate Cream Roll,Best One,60g
Cereal,Best- One Foods (S) Pte Ltd,Best One Wholemeal Vanilla Cream Roll,Best One,60g
Cereal,FMC Greenland Sdn Bhd,Biogreen Enrich Oatmilk Energy,Biogreen,300g
Cereal,FMC Greenland Sdn Bhd,Biogreen Enrich Oatmilk Energy,Biogreen,850g
Cereal,FMC Greenland Sdn Bhd,Biogreen Five Grain Oatmilk Energy,Biogreen,300g
Cereal,FMC Greenland Sdn Bhd,Biogreen Five Grain Oatmilk Energy,Biogreen,850g
Cereal,FMC Greenland Sdn Bhd,Biogreen Organic Oatmilk Energy,Biogreen,300g
Cereal,FMC Greenland Sdn Bhd,Biogreen Organic Oatmilk Energy,Biogreen,800g
Cereal,Gardenia Foods (S) Pte Ltd,Bonjour Soft Wholemeal Bread,Bonjour,500g
Cereal,BreadTalk Pte Ltd,BreadTalk Chia seed toast,Breadtalk,1 x 125g
Cereal,The Sukha House Pte Ltd,Chang Brand Thai Organic Jasmine Brown Rice 100% Whole Grain,Chang Brand,2kg
Cereal,The Sukha House Pte Ltd,Chang Brand Thai Organic Mixed Brown Rice 100% Whole Grain,Chang Brand,1kg
Cereal,The Sukha House Pte Ltd,Chang Brand Thai Organic Mixed Brown Rice 100% Whole Grain,Chang Brand,2kg
Cereal,Silver Bird Foods (S) Pte Ltd,Cold Storage Essential Hi Fibre Wholemeal Bread,Cold Storage,600g
Cereal,Cold Storage Singapore (1983) Pte Ltd,Cold Storage Essential Wholemeal Bread,Cold Storage,500g
Cereal,Ben Foods (S) Pte Ltd,Cowhead Organic Rolled Oats (Baby Oats Instant),Cowhead,500g
Cereal,Ben Foods (S) Pte Ltd,Cowhead Organic Rolled Oats (Regular Oats Quick Cooking),Cowhead,500g
Cereal,AM Deli Foods,Daily's Burger Bun,Daily,240g
Cereal,AM Deli Foods,Daily's Burger Bun,Daily,40g
Cereal,AM Deli Foods,Daily's Dinner Bun,Daily,400g
Cereal,AM Deli Foods,Daily's Dinner Bun,Daily,40g
Cereal,AM Deli Foods,Daily's Enriched Wholemeal Delight,Daily,400g
Cereal,AM Deli Foods,Daily's Sweet Roll Butter Bun,Daily,50g
Cereal,Everlasting Food Industries Sdn Bhd,EL Brown Rice Vermicelli,El Brown,50g
Cereal,Everlasting Food Industries Sdn Bhd,EL Niello Cereal Beverage,El Niello,25g x 20 sachets
Cereal,Everlasting Food Industries Sdn Bhd,EL Niello Cereal Beverage,El Niello,30g x 20 sachets
Cereal,NTUC FairPrice Co-operative Limited,FairPrice Instant Oatmeal,Fairprice,800g
Cereal,NTUC FairPrice Co-operative Limited,FairPrice Mini Oat Black Sesame Bun,Fairprice,270g
Cereal,Hara Hong Kong Tim Sum Pte Ltd,Hara Hong Kong Lotus Pau,Hara Hong Kong,60g
Cereal,Hara Hong Kong Tim Sum Pte Ltd,Hara Hong Kong Red Bean Pau,Hara Hong Kong,60g
Cereal,Hara Hong Kong Tim Sum Pte Ltd,Hara Hong Kong Small Chicken Pau,Hara Hong Kong,60g
Cereal,Hara Hong Kong Tim Sum Pte Ltd,Hara Hong Kong Teriyaki Chicken Pau,Hara Hong Kong,60g
Cereal,Hara Hong Kong Tim Sum Pte Ltd,Hara Hong Kong Vegetable Pau,Hara Hong Kong,60g
Cereal,NTUC FairPrice Co-operative Limited,Harvest Fields Whole Grain Rolled Oats,Harvest Field,1kg
Cereal,See Hoy Chan (1988) Pte Ltd,Heavenly Grade A Thai Hom Mali Brown Rice,Heavenly,1kg
Cereal,See Hoy Chan (1988) Pte Ltd,Heavenly Grade A Thai Hom Mali Brown Rice,Heavenly,2.5kg
Cereal,See Hoy Chan (1988) Pte Ltd,Heavenly Grade A Thai Hom Mali Brown Rice,Heavenly,5kg
Cereal,Silver Bird Foods (S) Pte Ltd,High 5 Whole Grain White Chocolate & Orange Cream Roll,High 5,65g
Cereal,Sunshine Bakeries,Sunshine U.S. Premium Potato Wholemeal Hot Dog Rolls,Sunshine,240g
Cereal,Sunshine Bakeries,Sunshine Vanilla Wholemeal Cream Roll,Sunshine,65g
Cereal,Gardenia Foods (S) Pte Ltd,Super Fine & Soft 14 Grains Loaf,Nil,300g
Cereal,Super Coffee Corporation Pte Ltd,Super-NutreMill 3 in 1 Original Cereal,Super-NutreMill,30g x 20 sachets
Cereal,Super Coffee Corporation Pte Ltd,Super-NutreMill 3 in 1 Original Reduced Sugar Cereal,Super-NutreMill,27g x 20 sachets
Cereal,Super Coffee Corporation Pte Ltd,Super-NutreMill 4 in 1 Cereal with Brown Rice,Super-NutreMill,30g x 20 sachets
