Eggs and Egg Products,Cold Storage Singapore (1983) Pte Ltd,Giant Premium Fresh Eggs,Giant,900g-15eggs
Eggs and Egg Products,Dasoon Company,Giant Premium Fresh Eggs,Giant,10pcs (600g)
Eggs and Egg Products,Dasoon Company,Giant Special Pack Farm Fresh Eggs,Giant,30pcs (1500g)
Eggs and Egg Products,Glory Food Products Pte Ltd,Glory Less Sugar Nonya Kaya,Glory,250g
Eggs and Egg Products,Glory Food Products Pte Ltd,Glory No Sugar Added Nonya Kaya,Glory,250g
Eggs and Egg Products,Premium Egg Products Pte Ltd,Happy Egg Economy Pack,Happy Egg,1.7kg
Eggs and Egg Products,Premium Egg Products Pte Ltd,Happy Egg Fresh Farm Eggs,Happy Egg,550g
Eggs and Egg Products,Premium Egg Products Pte Ltd,Happy Egg Hen Fed with Multi-Grains Eggs,Happy Egg,600g
Eggs and Egg Products,Premium Egg Products Pte Ltd,Happy Egg Hen Fed with Multi-Grains Eggs,Happy Egg,900g
Eggs and Egg Products,Premium Egg Products Pte Ltd,Happy Egg New Born Eggs,Happy Egg,1.45kg
Eggs and Egg Products,Premium Egg Products Pte Ltd,Happy Egg New Born Eggs,Happy Egg,450g
Eggs and Egg Products,Hara Hong Kong Tim Sum Pte Ltd,Hara Egg Tart,Hara,12 x 60 g
Eggs and Egg Products,Seng Choon Farm Pte Ltd,Leading Fresh Eggs,Leading,10 eggs per packet
Eggs and Egg Products,N&N Agriculture Pte Ltd,Lim Chu Kang Farm Fresh Eggs,Lim Chu Kang,550g
Eggs and Egg Products,Cold Storage Singapore (1983) Pte Ltd,Market Place Farm Fresh Eggs,Market Place,550g/10pcs
